{"cameraMode":{"drawMode":0,"name":"Shaded","section":"Shading Mode"},"sceneLighting":true,"audioPlay":false,"sceneViewState":{"showFog":true,"showMaterialUpdate":false,"showSkybox":true,"showFlares":true,"showImageEffects":true,"showParticleSystems":true},"in2DMode":false,"pivot":{"x":0.0,"y":4.440000057220459,"z":1.2760000228881837},"rotation":{"x":0.10502801090478897,"y":0.8201637864112854,"z":-0.15968604385852815,"w":0.5393023490905762},"size":28.649723052978517,"orthographic":false}