{"cameraMode":{"drawMode":0,"name":"Shaded","section":"Shading Mode"},"sceneLighting":true,"audioPlay":false,"sceneViewState":{"showFog":true,"showMaterialUpdate":false,"showSkybox":true,"showFlares":true,"showImageEffects":true,"showParticleSystems":true},"in2DMode":false,"pivot":{"x":-16.64339828491211,"y":23.152875900268556,"z":2.6559221744537355},"rotation":{"x":0.015534535981714726,"y":0.9835154414176941,"z":-0.14744693040847779,"w":0.10363689810037613},"size":17.351930618286134,"orthographic":false}